ubuntu@ip-10-2-11-205:~$ mysql -u admin -p -h dbsecondary.cy7tz3j2u7ep.us-west-2                                                                       .rds.amazonaws.com
Enter password:
Welcome to the MySQL monitor.  Commands end with ; or \g.
Your MySQL connection id is 28
Server version: 8.0.35 Source distribution

Copyright (c) 2000, 2024, Oracle and/or its affiliates.

Oracle is a registered trademark of Oracle Corporation and/or its
affiliates. Other names may be trademarks of their respective
owners.

Type 'help;' or '\h' for help. Type '\c' to clear the current input statement.

mysql> show databases;
+--------------------+
| Database           |
+--------------------+
| information_schema |
| mysql              |
| performance_schema |
| sys                |
| udacity            |
+--------------------+
5 rows in set (0.00 sec)

mysql> use udacity
Reading table information for completion of table and column names
You can turn off this feature to get a quicker startup with -A

Database changed
mysql> show tables;
+-------------------+
| Tables_in_udacity |
+-------------------+
| Persons           |
+-------------------+
1 row in set (0.00 sec)

mysql> select * from Persons
    -> ^C
mysql> select * from Persons;
+----------+----------+-----------+---------+------+
| PersonID | LastName | FirstName | Address | City |
+----------+----------+-----------+---------+------+
|        1 | JACK     | SON       | VN      | HCM  |
+----------+----------+-----------+---------+------+
1 row in set (0.01 sec)

mysql> INSERT INTO Persons VALUES(1,'JACK','SON','VN','HCM');
ERROR 1290 (HY000): The MySQL server is running with the --read-only option so i                                                                       t cannot execute this statement
